Date,Day,Gold_USD ($/oz),Duty Regime
03-Jan-2022,Monday,1799.4,High-duty window (15%)
04-Jan-2022,Tuesday,1814.0,High-duty window (15%)
05-Jan-2022,Wednesday,1824.6,High-duty window (15%)
06-Jan-2022,Thursday,1788.7,High-duty window (15%)
07-Jan-2022,Friday,1797.0,High-duty window (15%)
10-Jan-2022,Monday,1798.4,High-duty window (15%)
11-Jan-2022,Tuesday,1818.6,High-duty window (15%)
12-Jan-2022,Wednesday,1827.2,High-duty window (15%)
13-Jan-2022,Thursday,1821.2,High-duty window (15%)
14-Jan-2022,Friday,1816.5,High-duty window (15%)
17-Jan-2022,Monday,,High-duty window (15%)
18-Jan-2022,Tuesday,1812.3,High-duty window (15%)
19-Jan-2022,Wednesday,1843.1,High-duty window (15%)
20-Jan-2022,Thursday,1842.5,High-duty window (15%)
21-Jan-2022,Friday,1831.8,High-duty window (15%)
24-Jan-2022,Monday,1841.7,High-duty window (15%)
25-Jan-2022,Tuesday,1852.7,High-duty window (15%)
26-Jan-2022,Wednesday,1829.9,High-duty window (15%)
27-Jan-2022,Thursday,1793.3,High-duty window (15%)
28-Jan-2022,Friday,1784.9,High-duty window (15%)
31-Jan-2022,Monday,1795.0,High-duty window (15%)
01-Feb-2022,Tuesday,1800.3,High-duty window (15%)
02-Feb-2022,Wednesday,1809.2,High-duty window (15%)
03-Feb-2022,Thursday,1803.0,High-duty window (15%)
04-Feb-2022,Friday,1806.6,High-duty window (15%)
07-Feb-2022,Monday,1820.6,High-duty window (15%)
08-Feb-2022,Tuesday,1826.6,High-duty window (15%)
09-Feb-2022,Wednesday,1835.2,High-duty window (15%)
10-Feb-2022,Thursday,1836.2,High-duty window (15%)
11-Feb-2022,Friday,1840.8,High-duty window (15%)
14-Feb-2022,Monday,1868.0,High-duty window (15%)
15-Feb-2022,Tuesday,1854.8,High-duty window (15%)
16-Feb-2022,Wednesday,1870.2,High-duty window (15%)
17-Feb-2022,Thursday,1900.7,High-duty window (15%)
18-Feb-2022,Friday,1898.6,High-duty window (15%)
21-Feb-2022,Monday,,High-duty window (15%)
22-Feb-2022,Tuesday,1906.1,High-duty window (15%)
23-Feb-2022,Wednesday,1909.2,High-duty window (15%)
24-Feb-2022,Thursday,1925.1,High-duty window (15%)
25-Feb-2022,Friday,1886.5,High-duty window (15%)
28-Feb-2022,Monday,1899.4,High-duty window (15%)
01-Mar-2022,Tuesday,1942.4,High-duty window (15%)
02-Mar-2022,Wednesday,1920.9,High-duty window (15%)
03-Mar-2022,Thursday,1934.4,High-duty window (15%)
04-Mar-2022,Friday,1965.1,High-duty window (15%)
07-Mar-2022,Monday,1993.9,High-duty window (15%)
08-Mar-2022,Tuesday,2040.1,High-duty window (15%)
09-Mar-2022,Wednesday,1985.9,High-duty window (15%)
10-Mar-2022,Thursday,1998.1,High-duty window (15%)
11-Mar-2022,Friday,1982.7,High-duty window (15%)
14-Mar-2022,Monday,1959.6,High-duty window (15%)
15-Mar-2022,Tuesday,1928.5,High-duty window (15%)
16-Mar-2022,Wednesday,1908.0,High-duty window (15%)
17-Mar-2022,Thursday,1942.1,High-duty window (15%)
18-Mar-2022,Friday,1928.2,High-duty window (15%)
21-Mar-2022,Monday,1928.6,High-duty window (15%)
22-Mar-2022,Tuesday,1920.7,High-duty window (15%)
23-Mar-2022,Wednesday,1936.6,High-duty window (15%)
24-Mar-2022,Thursday,1961.6,High-duty window (15%)
25-Mar-2022,Friday,1953.8,High-duty window (15%)
28-Mar-2022,Monday,1939.6,High-duty window (15%)
29-Mar-2022,Tuesday,1912.0,High-duty window (15%)
30-Mar-2022,Wednesday,1933.5,High-duty window (15%)
31-Mar-2022,Thursday,1949.2,High-duty window (15%)
01-Apr-2022,Friday,1919.1,High-duty window (15%)
04-Apr-2022,Monday,1929.2,High-duty window (15%)
05-Apr-2022,Tuesday,1922.9,High-duty window (15%)
06-Apr-2022,Wednesday,1918.4,High-duty window (15%)
07-Apr-2022,Thursday,1933.8,High-duty window (15%)
08-Apr-2022,Friday,1941.6,High-duty window (15%)
11-Apr-2022,Monday,1944.3,High-duty window (15%)
12-Apr-2022,Tuesday,1972.1,High-duty window (15%)
13-Apr-2022,Wednesday,1981.0,High-duty window (15%)
14-Apr-2022,Thursday,1970.9,High-duty window (15%)
15-Apr-2022,Friday,,High-duty window (15%)
18-Apr-2022,Monday,1982.9,High-duty window (15%)
19-Apr-2022,Tuesday,1955.7,High-duty window (15%)
20-Apr-2022,Wednesday,1952.3,High-duty window (15%)
21-Apr-2022,Thursday,1944.9,High-duty window (15%)
22-Apr-2022,Friday,1931.0,High-duty window (15%)
25-Apr-2022,Monday,1893.2,High-duty window (15%)
26-Apr-2022,Tuesday,1901.4,High-duty window (15%)
27-Apr-2022,Wednesday,1885.9,High-duty window (15%)
28-Apr-2022,Thursday,1888.7,High-duty window (15%)
29-Apr-2022,Friday,1909.3,High-duty window (15%)
02-May-2022,Monday,1861.8,High-duty window (15%)
03-May-2022,Tuesday,1868.8,High-duty window (15%)
04-May-2022,Wednesday,1867.0,High-duty window (15%)
05-May-2022,Thursday,1874.0,High-duty window (15%)
06-May-2022,Friday,1881.2,High-duty window (15%)
30-May-2022,Monday,,High-duty window (15%)
02-Jun-2022,Thursday,1866.5,High-duty window (15%)
20-Jun-2022,Monday,,High-duty window (15%)
30-Jun-2022,Thursday,1804.1,High-duty window (15%)
04-Jul-2022,Monday,,High-duty window (15%)
08-Aug-2022,Monday,1786.8,High-duty window (15%)
12-Aug-2022,Friday,1798.6,High-duty window (15%)
30-Aug-2022,Tuesday,1723.2,High-duty window (15%)
05-Sep-2022,Monday,,High-duty window (15%)
04-Oct-2022,Tuesday,1721.1,High-duty window (15%)
21-Oct-2022,Friday,1651.0,High-duty window (15%)
25-Oct-2022,Tuesday,1652.8,High-duty window (15%)
04-Nov-2022,Friday,1672.5,High-duty window (15%)
07-Nov-2022,Monday,1676.5,High-duty window (15%)
24-Nov-2022,Thursday,,High-duty window (15%)
26-Dec-2022,Monday,,High-duty window (15%)
29-Dec-2022,Thursday,1819.5,High-duty window (15%)
02-Jan-2023,Monday,,High-duty window (15%)
16-Jan-2023,Monday,,High-duty window (15%)
23-Jan-2023,Monday,1927.1,High-duty window (15%)
25-Jan-2023,Wednesday,1941.2,High-duty window (15%)
20-Feb-2023,Monday,,High-duty window (15%)
28-Feb-2023,Tuesday,1828.9,High-duty window (15%)
06-Mar-2023,Monday,1847.9,High-duty window (15%)
29-Mar-2023,Wednesday,1966.1,High-duty window (15%)
31-Mar-2023,Friday,1969.0,High-duty window (15%)
03-Apr-2023,Monday,1983.9,High-duty window (15%)
06-Apr-2023,Thursday,2011.9,High-duty window (15%)
07-Apr-2023,Friday,,High-duty window (15%)
12-Apr-2023,Wednesday,2010.9,High-duty window (15%)
13-Apr-2023,Thursday,2041.3,High-duty window (15%)
24-Apr-2023,Monday,1989.1,High-duty window (15%)
28-Apr-2023,Friday,1990.1,High-duty window (15%)
29-May-2023,Monday,,High-duty window (15%)
31-May-2023,Wednesday,1963.9,High-duty window (15%)
01-Jun-2023,Thursday,1978.0,High-duty window (15%)
02-Jun-2023,Friday,1952.4,High-duty window (15%)
05-Jun-2023,Monday,1958.0,High-duty window (15%)
06-Jun-2023,Tuesday,1965.5,High-duty window (15%)
07-Jun-2023,Wednesday,1942.7,High-duty window (15%)
08-Jun-2023,Thursday,1963.6,High-duty window (15%)
19-Jun-2023,Monday,,High-duty window (15%)
28-Jun-2023,Wednesday,1912.3,High-duty window (15%)
29-Jun-2023,Thursday,1909.2,High-duty window (15%)
30-Jun-2023,Friday,1921.1,High-duty window (15%)
03-Jul-2023,Monday,1921.7,High-duty window (15%)
04-Jul-2023,Tuesday,,High-duty window (15%)
05-Jul-2023,Wednesday,1919.6,High-duty window (15%)
06-Jul-2023,Thursday,1908.7,High-duty window (15%)
07-Jul-2023,Friday,1926.2,High-duty window (15%)
10-Jul-2023,Monday,1925.0,High-duty window (15%)
11-Jul-2023,Tuesday,1931.3,High-duty window (15%)
12-Jul-2023,Wednesday,1956.2,High-duty window (15%)
13-Jul-2023,Thursday,1959.2,High-duty window (15%)
14-Jul-2023,Friday,1960.1,High-duty window (15%)
17-Jul-2023,Monday,1952.4,High-duty window (15%)
18-Jul-2023,Tuesday,1977.2,High-duty window (15%)
19-Jul-2023,Wednesday,1977.5,High-duty window (15%)
20-Jul-2023,Thursday,1968.3,High-duty window (15%)
21-Jul-2023,Friday,1964.3,High-duty window (15%)
24-Jul-2023,Monday,1960.3,High-duty window (15%)
25-Jul-2023,Tuesday,1962.1,High-duty window (15%)
26-Jul-2023,Wednesday,1968.9,High-duty window (15%)
27-Jul-2023,Thursday,1945.4,High-duty window (15%)
28-Jul-2023,Friday,1960.4,High-duty window (15%)
31-Jul-2023,Monday,1970.5,High-duty window (15%)
01-Aug-2023,Tuesday,1940.7,High-duty window (15%)
02-Aug-2023,Wednesday,1937.4,High-duty window (15%)
03-Aug-2023,Thursday,1932.0,High-duty window (15%)
04-Aug-2023,Friday,1939.6,High-duty window (15%)
07-Aug-2023,Monday,1933.5,High-duty window (15%)
08-Aug-2023,Tuesday,1924.1,High-duty window (15%)
09-Aug-2023,Wednesday,1915.4,High-duty window (15%)
10-Aug-2023,Thursday,1914.4,High-duty window (15%)
11-Aug-2023,Friday,1912.9,High-duty window (15%)
14-Aug-2023,Monday,1910.6,High-duty window (15%)
15-Aug-2023,Tuesday,1902.5,High-duty window (15%)
16-Aug-2023,Wednesday,1896.1,High-duty window (15%)
17-Aug-2023,Thursday,1884.1,High-duty window (15%)
18-Aug-2023,Friday,1886.1,High-duty window (15%)
21-Aug-2023,Monday,1893.3,High-duty window (15%)
22-Aug-2023,Tuesday,1896.4,High-duty window (15%)
23-Aug-2023,Wednesday,1918.5,High-duty window (15%)
24-Aug-2023,Thursday,1918.2,High-duty window (15%)
25-Aug-2023,Friday,1911.1,High-duty window (15%)
28-Aug-2023,Monday,1917.9,High-duty window (15%)
29-Aug-2023,Tuesday,1936.5,High-duty window (15%)
30-Aug-2023,Wednesday,1944.3,High-duty window (15%)
31-Aug-2023,Thursday,1938.2,High-duty window (15%)
01-Sep-2023,Friday,1939.8,High-duty window (15%)
04-Sep-2023,Monday,,High-duty window (15%)
05-Sep-2023,Tuesday,1926.2,High-duty window (15%)
06-Sep-2023,Wednesday,1918.1,High-duty window (15%)
07-Sep-2023,Thursday,1917.5,High-duty window (15%)
08-Sep-2023,Friday,1918.4,High-duty window (15%)
11-Sep-2023,Monday,1923.3,High-duty window (15%)
12-Sep-2023,Tuesday,1911.3,High-duty window (15%)
13-Sep-2023,Wednesday,1909.1,High-duty window (15%)
14-Sep-2023,Thursday,1910.0,High-duty window (15%)
15-Sep-2023,Friday,1923.7,High-duty window (15%)
18-Sep-2023,Monday,1931.5,High-duty window (15%)
19-Sep-2023,Tuesday,1932.0,High-duty window (15%)
20-Sep-2023,Wednesday,1945.6,High-duty window (15%)
21-Sep-2023,Thursday,1919.2,High-duty window (15%)
22-Sep-2023,Friday,1925.4,High-duty window (15%)
25-Sep-2023,Monday,1916.6,High-duty window (15%)
26-Sep-2023,Tuesday,1900.4,High-duty window (15%)
27-Sep-2023,Wednesday,1871.6,High-duty window (15%)
28-Sep-2023,Thursday,1860.4,High-duty window (15%)
29-Sep-2023,Friday,1848.1,High-duty window (15%)
23-Oct-2023,Monday,1976.3,High-duty window (15%)
13-Nov-2023,Monday,1945.5,High-duty window (15%)
23-Nov-2023,Thursday,,High-duty window (15%)
24-Nov-2023,Friday,2002.2,High-duty window (15%)
22-Dec-2023,Friday,2057.1,High-duty window (15%)
25-Dec-2023,Monday,,High-duty window (15%)
28-Dec-2023,Thursday,2073.9,High-duty window (15%)
01-Jan-2024,Monday,,High-duty window (15%)
15-Jan-2024,Monday,,High-duty window (15%)
19-Jan-2024,Friday,2026.5,High-duty window (15%)
25-Jan-2024,Thursday,2016.9,High-duty window (15%)
19-Feb-2024,Monday,,High-duty window (15%)
04-Mar-2024,Monday,2117.7,High-duty window (15%)
07-Mar-2024,Thursday,2158.0,High-duty window (15%)
22-Mar-2024,Friday,2158.1,High-duty window (15%)
28-Mar-2024,Thursday,2217.4,High-duty window (15%)
29-Mar-2024,Friday,,High-duty window (15%)
10-Apr-2024,Wednesday,2329.6,High-duty window (15%)
16-Apr-2024,Tuesday,2390.8,High-duty window (15%)
23-Apr-2024,Tuesday,2327.7,High-duty window (15%)
30-Apr-2024,Tuesday,2291.4,High-duty window (15%)
01-May-2024,Wednesday,2299.9,High-duty window (15%)
17-May-2024,Friday,2412.2,High-duty window (15%)
20-May-2024,Monday,2433.9,High-duty window (15%)
27-May-2024,Monday,,High-duty window (15%)
14-Jun-2024,Friday,2331.4,High-duty window (15%)
19-Jun-2024,Wednesday,,High-duty window (15%)
26-Jun-2024,Wednesday,2299.2,High-duty window (15%)
28-Jun-2024,Friday,2327.7,High-duty window (15%)
01-Jul-2024,Monday,2327.6,High-duty window (15%)
02-Jul-2024,Tuesday,2323.0,High-duty window (15%)
04-Jul-2024,Thursday,,High-duty window (15%)
16-Jul-2024,Tuesday,2462.4,Low-duty window (6%)
18-Jul-2024,Thursday,2451.8,Low-duty window (6%)
24-Jul-2024,Wednesday,2413.3,Low-duty window (6%)
31-Jul-2024,Wednesday,2426.5,Low-duty window (6%)
01-Aug-2024,Thursday,2435.0,Low-duty window (6%)
02-Aug-2024,Friday,2425.7,Low-duty window (6%)
05-Aug-2024,Monday,2401.7,Low-duty window (6%)
06-Aug-2024,Tuesday,2389.1,Low-duty window (6%)
07-Aug-2024,Wednesday,2390.5,Low-duty window (6%)
08-Aug-2024,Thursday,2422.2,Low-duty window (6%)
09-Aug-2024,Friday,2432.1,Low-duty window (6%)
12-Aug-2024,Monday,2462.4,Low-duty window (6%)
13-Aug-2024,Tuesday,2466.7,Low-duty window (6%)
14-Aug-2024,Wednesday,2439.4,Low-duty window (6%)
15-Aug-2024,Thursday,2453.1,Low-duty window (6%)
16-Aug-2024,Friday,2498.6,Low-duty window (6%)
19-Aug-2024,Monday,2501.8,Low-duty window (6%)
20-Aug-2024,Tuesday,2511.3,Low-duty window (6%)
21-Aug-2024,Wednesday,2508.4,Low-duty window (6%)
22-Aug-2024,Thursday,2478.9,Low-duty window (6%)
23-Aug-2024,Friday,2508.4,Low-duty window (6%)
26-Aug-2024,Monday,2517.7,Low-duty window (6%)
27-Aug-2024,Tuesday,2516.0,Low-duty window (6%)
28-Aug-2024,Wednesday,2501.0,Low-duty window (6%)
29-Aug-2024,Thursday,2525.7,Low-duty window (6%)
30-Aug-2024,Friday,2493.8,Low-duty window (6%)
02-Sep-2024,Monday,,Low-duty window (6%)
03-Sep-2024,Tuesday,2489.9,Low-duty window (6%)
04-Sep-2024,Wednesday,2493.4,Low-duty window (6%)
05-Sep-2024,Thursday,2511.4,Low-duty window (6%)
06-Sep-2024,Friday,2493.5,Low-duty window (6%)
09-Sep-2024,Monday,2501.8,Low-duty window (6%)
10-Sep-2024,Tuesday,2512.3,Low-duty window (6%)
11-Sep-2024,Wednesday,2512.1,Low-duty window (6%)
12-Sep-2024,Thursday,2551.2,Low-duty window (6%)
13-Sep-2024,Friday,2581.3,Low-duty window (6%)
16-Sep-2024,Monday,2580.4,Low-duty window (6%)
17-Sep-2024,Tuesday,2564.3,Low-duty window (6%)
18-Sep-2024,Wednesday,2570.7,Low-duty window (6%)
19-Sep-2024,Thursday,2588.0,Low-duty window (6%)
20-Sep-2024,Friday,2619.9,Low-duty window (6%)
23-Sep-2024,Monday,2626.5,Low-duty window (6%)
24-Sep-2024,Tuesday,2651.2,Low-duty window (6%)
25-Sep-2024,Wednesday,2659.2,Low-duty window (6%)
26-Sep-2024,Thursday,2669.9,Low-duty window (6%)
27-Sep-2024,Friday,2644.3,Low-duty window (6%)
30-Sep-2024,Monday,2636.1,Low-duty window (6%)
01-Oct-2024,Tuesday,2667.3,Low-duty window (6%)
02-Oct-2024,Wednesday,2647.1,Low-duty window (6%)
03-Oct-2024,Thursday,2657.1,Low-duty window (6%)
04-Oct-2024,Friday,2645.8,Low-duty window (6%)
07-Oct-2024,Monday,2644.8,Low-duty window (6%)
08-Oct-2024,Tuesday,2615.0,Low-duty window (6%)
09-Oct-2024,Wednesday,2606.0,Low-duty window (6%)
10-Oct-2024,Thursday,2620.6,Low-duty window (6%)
11-Oct-2024,Friday,2657.6,Low-duty window (6%)
14-Oct-2024,Monday,2647.8,Low-duty window (6%)
15-Oct-2024,Tuesday,2661.4,Low-duty window (6%)
16-Oct-2024,Wednesday,2674.0,Low-duty window (6%)
17-Oct-2024,Thursday,2691.0,Low-duty window (6%)
18-Oct-2024,Friday,2713.7,Low-duty window (6%)
21-Oct-2024,Monday,2723.1,Low-duty window (6%)
22-Oct-2024,Tuesday,2744.2,Low-duty window (6%)
23-Oct-2024,Wednesday,2714.4,Low-duty window (6%)
24-Oct-2024,Thursday,2734.9,Low-duty window (6%)
25-Oct-2024,Friday,2740.9,Low-duty window (6%)
28-Oct-2024,Monday,2742.9,Low-duty window (6%)
29-Oct-2024,Tuesday,2768.4,Low-duty window (6%)
30-Oct-2024,Wednesday,2788.5,Low-duty window (6%)
31-Oct-2024,Thursday,2738.3,Low-duty window (6%)
14-Nov-2024,Thursday,2568.2,Low-duty window (6%)
19-Nov-2024,Tuesday,2627.1,Low-duty window (6%)
28-Nov-2024,Thursday,,Low-duty window (6%)
03-Dec-2024,Tuesday,2644.7,Low-duty window (6%)
24-Dec-2024,Tuesday,2620.0,Low-duty window (6%)
25-Dec-2024,Wednesday,,Low-duty window (6%)
01-Jan-2025,Wednesday,,Low-duty window (6%)
17-Jan-2025,Friday,2744.3,Low-duty window (6%)
20-Jan-2025,Monday,,Low-duty window (6%)
17-Feb-2025,Monday,,Low-duty window (6%)
25-Feb-2025,Tuesday,2904.5,Low-duty window (6%)
13-Mar-2025,Thursday,2984.3,Low-duty window (6%)
28-Mar-2025,Friday,3086.5,Low-duty window (6%)
09-Apr-2025,Wednesday,3056.5,Low-duty window (6%)
11-Apr-2025,Friday,3222.2,Low-duty window (6%)
15-Apr-2025,Tuesday,3218.7,Low-duty window (6%)
17-Apr-2025,Thursday,3308.7,Low-duty window (6%)
21-Apr-2025,Monday,3406.2,Low-duty window (6%)
30-Apr-2025,Wednesday,3305.0,Low-duty window (6%)
26-May-2025,Monday,,Low-duty window (6%)
19-Jun-2025,Thursday,,Low-duty window (6%)
31-Jul-2025,Thursday,3293.2,Low-duty window (6%)
01-Aug-2025,Friday,3347.7,Low-duty window (6%)
04-Aug-2025,Monday,3374.4,Low-duty window (6%)
05-Aug-2025,Tuesday,3381.9,Low-duty window (6%)
14-Aug-2025,Thursday,3335.2,Low-duty window (6%)
26-Aug-2025,Tuesday,3388.6,Low-duty window (6%)
29-Aug-2025,Friday,3473.7,Low-duty window (6%)
01-Sep-2025,Monday,,Low-duty window (6%)
02-Sep-2025,Tuesday,3549.4,Low-duty window (6%)
03-Sep-2025,Wednesday,3593.2,Low-duty window (6%)
30-Sep-2025,Tuesday,3840.8,Low-duty window (6%)
01-Oct-2025,Wednesday,3867.5,Low-duty window (6%)
02-Oct-2025,Thursday,3839.7,Low-duty window (6%)
03-Oct-2025,Friday,3880.8,Low-duty window (6%)
06-Oct-2025,Monday,3948.5,Low-duty window (6%)
07-Oct-2025,Tuesday,3976.6,Low-duty window (6%)
08-Oct-2025,Wednesday,4043.3,Low-duty window (6%)
09-Oct-2025,Thursday,3946.3,Low-duty window (6%)
10-Oct-2025,Friday,3975.9,Low-duty window (6%)
13-Oct-2025,Monday,4108.6,Low-duty window (6%)
14-Oct-2025,Tuesday,4138.7,Low-duty window (6%)
15-Oct-2025,Wednesday,4176.9,Low-duty window (6%)
16-Oct-2025,Thursday,4280.2,Low-duty window (6%)
17-Oct-2025,Friday,4189.9,Low-duty window (6%)
20-Oct-2025,Monday,4336.4,Low-duty window (6%)
21-Oct-2025,Tuesday,,Low-duty window (6%)
22-Oct-2025,Wednesday,4044.4,Low-duty window (6%)
23-Oct-2025,Thursday,4125.5,Low-duty window (6%)
24-Oct-2025,Friday,4118.4,Low-duty window (6%)
27-Oct-2025,Monday,4001.9,Low-duty window (6%)
28-Oct-2025,Tuesday,3966.2,Low-duty window (6%)
29-Oct-2025,Wednesday,3983.7,Low-duty window (6%)
30-Oct-2025,Thursday,4001.3,Low-duty window (6%)
04-Nov-2025,Tuesday,3947.7,Low-duty window (6%)
05-Nov-2025,Wednesday,3980.3,Low-duty window (6%)
27-Nov-2025,Thursday,,Low-duty window (6%)
24-Dec-2025,Wednesday,4480.6,Low-duty window (6%)
01-Jan-2026,Thursday,,Low-duty window (6%)
06-Jan-2026,Tuesday,4482.2,Low-duty window (6%)
14-Jan-2026,Wednesday,4626.3,Low-duty window (6%)
19-Jan-2026,Monday,,Low-duty window (6%)
23-Jan-2026,Friday,4976.2,Low-duty window (6%)
26-Jan-2026,Monday,5079.7,Low-duty window (6%)
30-Jan-2026,Friday,,Low-duty window (6%)
03-Feb-2026,Tuesday,,Low-duty window (6%)
06-Feb-2026,Friday,4951.2,Low-duty window (6%)
09-Feb-2026,Monday,5050.9,Low-duty window (6%)
10-Feb-2026,Tuesday,5003.8,Low-duty window (6%)
16-Feb-2026,Monday,,Low-duty window (6%)
02-Mar-2026,Monday,5294.4,Low-duty window (6%)
03-Mar-2026,Tuesday,5107.4,Low-duty window (6%)
19-Mar-2026,Thursday,,Low-duty window (6%)
25-Mar-2026,Wednesday,4549.8,Low-duty window (6%)
30-Mar-2026,Monday,4526.0,Low-duty window (6%)
02-Apr-2026,Thursday,4651.5,Low-duty window (6%)
03-Apr-2026,Friday,,Low-duty window (6%)
13-Apr-2026,Monday,4742.4,Low-duty window (6%)
30-Apr-2026,Thursday,4614.7,Low-duty window (6%)
25-May-2026,Monday,,Post-hike window (9%)
27-May-2026,Wednesday,4447.5,Post-hike window (9%)
12-Jun-2026,Friday,4238.8,Post-hike window (9%)
